,city,lattitude,longitude,temperature,humidity,clouds,wind
0,Kapaa,22.08,-159.32,85.42,55,75,12.75
1,Fairbanks,64.84,-147.72,57.43,39,75,8.05
2,Carnarvon,-30.97,22.13,46.42,37,0,11.1
3,Seminole,32.72,-102.64,98.47,17,1,10.29
4,Leningradskiy,69.38,178.42,44.98,86,0,10.36
5,Saskylakh,71.97,114.09,62.26,68,35,6.6
6,Rome,41.89,12.48,72.45,43,0,6.93
7,Butaritari,3.07,172.79,81.52,77,100,11.07
8,Nouakchott,18.08,-15.98,77.0,83,0,12.75
9,Fort Nelson,58.81,-122.69,44.6,93,90,2.24
10,Belyy Yar,53.6,91.39,59.0,82,0,4.47
11,Codrington,-28.95,153.24,56.97,44,0,6.93
12,Chum Phae,16.54,102.1,73.96,92,100,3.4
13,Norman Wells,65.28,-126.83,50.0,53,75,5.82
14,Ust-Kuyga,70.0,135.55,69.46,45,80,5.79
15,Taltal,-25.41,-70.49,50.38,87,1,4.05
16,Darhan,49.49,105.92,50.38,89,100,5.88
17,Vestmannaeyjar,63.44,-20.27,50.56,74,6,15.55
18,Senno,57.76,27.95,64.4,68,86,4.47
19,Mahebourg,-20.41,57.7,68.58,94,75,2.24
20,Avarua,-21.21,-159.78,78.8,78,14,9.17
21,Saint-Philippe,45.36,-73.48,80.96,57,40,4.7
22,Robertsport,6.75,-11.37,75.94,90,97,6.06
23,Bulgan,48.81,103.53,44.8,95,100,4.83
24,Rikitea,-23.12,-134.97,74.14,83,92,6.8
25,Cidreira,-30.17,-50.22,47.86,90,40,5.82
26,Pevek,69.7,170.27,42.28,93,54,4.92
27,Lompoc,34.64,-120.46,72.18,60,1,12.75
28,Busselton,-33.64,115.35,40.89,76,0,9.98
29,Fortuna,40.6,-124.16,63.64,72,75,16.11
30,Saint George,39.45,22.34,67.87,68,0,0.69
31,Sargatskoye,55.6,73.49,49.12,82,17,6.98
32,Mitsamiouli,-11.38,43.28,75.58,77,4,17.52
33,Ayan,38.23,44.7,58.48,36,39,3.65
34,Pomabamba,-8.82,-77.46,43.0,79,17,7.05
35,Cape Town,-33.93,18.42,54.5,87,0,9.17
36,Nouadhibou,20.93,-17.03,73.4,88,33,10.29
37,Lebu,8.96,38.73,59.0,87,75,2.24
38,Hermanus,-34.42,19.24,47.14,94,0,1.99
39,Juneau,58.3,-134.42,59.77,29,75,6.93
40,Dzhebariki-Khaya,62.22,135.8,56.68,69,100,1.1
41,Hithadhoo,-0.6,73.08,84.04,68,100,8.39
42,Santa Maria,-16.02,-48.01,75.54,30,0,3.36
43,Novopskov,49.54,39.1,64.6,79,16,6.29
44,Hyeres,43.12,6.14,71.87,88,0,13.8
45,Bethel,60.79,-161.76,52.68,66,90,6.93
46,Maceio,-9.67,-35.74,71.6,88,0,3.36
47,Port Lincoln,-34.72,135.86,56.86,73,59,20.85
48,Pasni,25.26,63.48,80.44,76,48,4.34
49,Mar del Plata,-46.43,-67.52,36.16,46,0,5.55
50,Lubumbashi,-11.66,27.48,54.88,43,0,8.03
51,Saldanha,41.42,-6.55,61.36,66,59,4.36
52,Inndyr,67.03,14.03,53.24,93,75,6.93
53,Ushuaia,-54.81,-68.31,37.4,69,0,3.36
54,Bluff,-23.58,149.07,60.1,25,0,9.51
55,Trat,12.25,102.51,86.79,82,67,2.44
56,Punta Arenas,-53.16,-70.91,37.2,86,0,6.93
57,Tonantins,-2.86,-67.77,80.44,60,20,2.62
58,Hofn,64.25,-15.21,31.48,83,18,8.08
59,Kahului,20.89,-156.47,82.18,55,40,21.92
60,Quatre Cocos,-20.21,57.76,68.52,94,75,2.24
61,North Bend,43.41,-124.22,72.82,72,1,17.22
62,Pangnirtung,66.15,-65.72,47.14,62,23,2.46
63,Bambous Virieux,-20.34,57.76,68.56,94,75,2.24
64,Meadow Lake,54.13,-108.44,60.8,59,75,6.93
65,Hasaki,35.73,140.83,78.75,94,75,5.82
66,Nikolskoye,59.7,30.79,61.03,93,20,4.47
67,Longyearbyen,78.22,15.63,39.2,76,75,10.29
68,Gwanda,-20.94,29.0,56.68,43,0,4.56
69,Vangaindrano,-23.35,47.6,62.62,88,89,1.97
70,Kuybyshevo,44.63,33.86,71.62,63,5,8.23
71,Lazaro Cardenas,28.39,-105.62,90.23,27,75,9.86
72,Ponta do Sol,-20.63,-46.0,69.46,61,84,2.57
73,Te Anau,-45.41,167.72,38.32,93,95,2.3
74,Whitecourt,54.14,-115.68,64.4,52,40,9.17
75,Jamestown,-33.21,138.6,48.4,87,29,11.48
76,Lavrentiya,65.58,-170.99,51.28,57,74,11.39
77,Pedernales,0.07,-80.05,73.78,84,91,19.37
78,Albany,42.65,-73.75,76.95,58,40,4.7
79,Tay Ninh,11.3,106.1,79.9,86,100,8.32
80,Petropavlovsk-Kamchatskiy,53.05,158.65,55.4,82,75,8.95
81,Iqaluit,63.75,-68.52,50.0,66,20,2.24
82,Shakawe,-18.36,21.84,54.7,27,0,5.53
83,Georgetown,6.8,-58.16,79.5,83,20,6.93
84,Vardo,39.62,-77.74,83.73,46,20,5.82
85,Castro,-42.48,-73.76,44.6,75,0,3.36
86,Vaini,15.34,74.49,75.44,94,100,0.45
87,Ribeira Grande,38.52,-28.7,71.08,89,100,18.25
88,Palmer,-34.85,139.16,53.24,87,75,12.75
89,Estacion Coahuila,32.19,-115.0,107.56,8,1,9.24
90,Saint-Francois,46.42,3.91,57.87,82,0,2.01
91,Port Alfred,-33.59,26.89,59.0,69,1,5.01
92,Klaksvik,62.23,-6.59,46.4,93,100,25.28
93,Itaituba,-4.26,-55.99,79.18,47,0,0.67
94,Tuktoyaktuk,69.44,-133.03,39.2,86,75,9.17
95,Atuona,-9.8,-139.03,79.18,76,3,17.92
96,San Vicente,-0.59,-80.41,80.6,69,20,13.87
97,Faanui,-16.48,-151.75,79.9,76,21,20.13
98,Atikokan,48.76,-91.62,71.08,50,2,7.56
99,Thompson,55.74,-97.86,55.4,76,75,12.75
100,San Marcos,14.97,-91.79,70.57,94,90,9.17
101,Vila Franca do Campo,37.72,-25.43,70.39,94,75,5.82
102,Alofi,-19.06,-169.92,77.0,83,75,10.29
103,Yellowknife,62.45,-114.38,60.8,51,75,5.82
104,Nome,30.04,-94.42,87.26,66,1,9.17
105,Mendeleyevo,56.04,37.23,59.05,100,0,4.47
106,Denpasar,-8.65,115.22,75.2,94,20,5.82
107,Mulege,26.88,-111.98,91.06,50,61,3.38
108,Irtyshskiy,58.33,68.13,49.12,89,0,5.21
109,Cabo San Lucas,22.89,-109.91,91.63,32,5,11.41
110,Myitkyina,25.38,97.4,73.6,99,100,1.52
111,Mataura,-46.19,168.86,48.99,77,98,4.0
112,Cherskiy,68.75,161.3,68.74,51,24,7.09
113,Beringovskiy,63.05,179.32,50.56,84,98,8.77
114,Nampula,-15.12,39.26,58.66,91,8,4.54
115,Rudnogorsk,57.27,103.75,52.0,90,56,1.92
116,Maumere,-8.63,122.22,81.52,42,0,1.25
117,New Norfolk,-42.78,147.06,54.46,66,75,17.22
118,Naifaru,5.44,73.37,81.52,77,28,7.67
119,Barrow,-38.31,-60.23,34.72,80,95,4.32
120,Boyolangu,-8.09,111.9,69.1,82,13,7.02
121,Vao,59.1,26.19,53.62,96,58,6.96
122,Khatanga,71.98,102.47,56.32,77,68,9.15
123,Pacific Grove,36.62,-121.92,70.63,60,90,11.41
124,Madang,35.32,102.79,46.06,97,100,4.54
125,Dunedin,-45.87,170.5,51.01,55,100,5.01
126,Pontal,-21.02,-48.04,75.2,57,0,6.93
127,Hilo,19.71,-155.08,83.64,45,1,10.29
128,Kigorobya,1.62,31.31,71.62,74,0,3.38
129,Puerto Ayora,-0.74,-90.35,71.35,69,0,18.34
130,Shimoda,34.7,138.93,82.31,88,20,6.93
131,Destin,30.39,-86.5,80.96,74,20,5.82
132,Leoben,47.38,15.09,63.91,93,99,2.24
133,Algiers,29.94,-90.04,77.94,78,1,10.29
134,Port Augusta,-32.49,137.76,46.71,93,90,8.05
135,Upernavik,72.79,-56.15,42.64,87,100,3.4
136,Lagoa,37.14,-8.45,69.8,40,0,11.41
137,Belmonte,40.36,-7.35,63.19,60,50,2.44
138,Port Elizabeth,39.31,-74.98,80.49,65,1,4.56
139,Port-Gentil,-0.72,8.78,75.2,88,90,6.93
140,Ketchikan,55.34,-131.65,58.93,51,75,10.29
141,Torbay,47.66,-52.73,64.85,63,20,9.17
142,Mount Isa,-20.73,139.49,59.0,24,0,17.22
143,Ohaeawai,-35.35,173.88,57.51,77,36,11.01
144,Severnyy-Kospashskiy,59.09,57.8,59.0,100,100,1.99
145,Abu Zabad,12.35,29.25,74.32,83,97,3.74
146,Fort Saint James,54.43,-124.25,62.98,41,67,4.21
147,Berlevag,70.86,29.09,54.88,86,67,20.13
148,Naryan-Mar,67.67,53.09,50.56,84,0,9.04
149,Narsaq,60.91,-46.05,50.0,71,32,3.36
150,Jiangyou,31.78,104.73,67.66,97,100,2.46
151,Leshukonskoye,64.9,45.76,58.66,94,91,5.61
152,Guerrero Negro,27.97,-114.04,66.58,83,0,15.39
153,Rio Gallegos,-51.62,-69.22,35.6,84,0,5.82
154,Arraial do Cabo,-22.97,-42.02,69.8,88,90,14.99
155,Zyryanka,65.73,150.89,71.98,30,81,7.49
156,Orissaare,58.56,23.08,62.65,88,20,8.05
157,Jiexiu,37.02,111.92,67.84,93,100,7.63
158,Teya,21.05,-89.07,80.87,94,75,6.93
159,Vanimo,-2.67,141.3,80.98,79,68,5.82
160,Hobart,-42.88,147.33,54.46,66,75,17.22
161,Bouna,9.27,-3.0,71.8,96,82,3.74
162,Atbasar,51.81,68.36,59.02,78,82,6.02
163,Eyl,7.98,49.82,73.96,67,97,26.19
164,Avera,33.19,-82.53,79.72,94,90,5.82
165,Bud,62.91,6.91,53.91,82,100,11.41
166,Mananjary,-19.16,46.8,54.34,85,13,3.94
167,Huangmei,30.1,115.95,80.44,80,23,7.05
168,Sitka,37.17,-99.65,93.0,33,19,13.0
169,Sonoita,31.68,-110.66,98.89,16,75,5.82
170,Raymond Terrace,-32.76,151.75,55.98,40,0,24.16
171,Beipiao,41.8,120.76,66.76,83,100,5.3
172,Auki,12.18,6.51,71.08,93,100,10.49
173,Buala,-8.15,159.59,82.24,78,100,11.1
174,Bedele,8.46,36.35,54.7,98,0,0.04
175,Yar-Sale,66.83,70.83,47.68,95,5,5.86
176,Qaanaaq,77.48,-69.36,37.42,88,87,1.48
177,Pudozh,61.81,36.54,59.38,95,99,5.39
178,Qaqortoq,60.72,-46.03,50.0,71,32,3.36
179,Kavaratti,10.57,72.64,81.34,81,81,14.99
180,Versalles,4.58,-76.2,76.08,69,75,1.05
181,Tasiilaq,65.61,-37.64,44.6,87,44,4.7
182,Bredasdorp,-34.53,20.04,44.51,87,0,4.7
183,Caico,-17.24,-70.29,51.46,69,0,0.74
184,Balakhta,55.38,91.62,53.8,79,91,4.74
185,Portland,43.66,-70.25,73.98,74,75,4.7
186,Marawi,8.0,124.29,80.01,78,32,4.0
187,Saint-Pierre,48.95,4.24,51.75,87,0,3.36
188,Blora,-6.97,111.41,72.34,75,20,6.87
189,Porto Novo,-23.68,-45.44,60.8,93,90,3.36
190,Dikson,73.51,80.55,42.46,92,51,11.43
191,Kupang,-10.16,123.6,77.74,61,5,9.62
192,Chuy,-33.69,-53.46,44.26,81,52,11.01
193,Izhma,65.01,53.91,52.9,87,88,4.85
194,Santiago del Estero,-27.8,-64.26,53.98,38,0,7.11
195,Khartoum,15.59,32.54,80.6,74,0,2.24
196,Gimli,50.63,-96.99,75.47,26,19,8.32
197,Provideniya,64.42,-173.23,50.0,81,90,15.66
198,Spring Valley,41.33,-89.2,82.9,74,1,4.7
199,Nioro,13.79,-15.05,76.3,90,88,6.08
200,East London,-33.02,27.91,51.82,62,6,11.45
201,Vila Velha,-3.71,-38.6,79.75,74,40,13.87
202,Farkhor,37.49,69.4,67.77,32,0,15.66
203,Clyde River,70.47,-68.59,41.0,100,5,8.05
204,Ibra,22.69,58.55,77.56,59,0,0.54
205,Anloga,5.79,0.9,77.0,88,20,13.87
206,Kirovo-Chepetsk,58.54,50.03,57.76,97,16,5.12
207,Bathsheba,13.22,-59.52,80.6,78,20,6.93
208,Yulara,-25.24,130.99,48.2,49,0,11.41
209,Honavar,14.28,74.45,80.08,88,95,7.72
210,Sioux Lookout,50.1,-91.92,72.66,37,20,13.87
211,Burley,42.54,-113.79,91.29,13,1,8.05
212,Merauke,-8.49,140.4,75.94,73,38,18.34
213,Faro,37.02,-7.94,69.24,40,0,11.41
214,Mezen,65.85,44.24,57.58,92,88,7.99
215,Dunmore East,52.15,-6.99,46.42,95,0,5.88
216,Cocobeach,1.01,9.58,77.0,83,40,8.05
217,Moron,18.56,-74.26,80.62,78,90,1.72
218,Chumikan,54.72,135.31,47.86,98,100,3.65
219,Salalah,17.01,54.1,77.0,94,90,2.24
220,Riyadh,24.63,46.72,86.0,30,0,3.96
221,Kruisfontein,-34.0,24.73,48.22,79,22,9.08
222,Villacarrillo,38.12,-3.08,72.16,34,28,6.67
223,Severo-Kurilsk,50.68,156.12,49.48,89,76,16.75
224,Taonan,45.34,122.78,81.0,49,100,1.99
225,Mabaruma,8.2,-59.78,74.5,91,41,3.27
226,Ardakan,32.31,54.02,75.2,15,0,2.24
227,Karratha,-20.74,116.85,63.52,22,0,29.84
228,Poso,-1.4,120.75,64.6,78,76,7.02
229,Otjimbingwe,-22.35,16.13,56.86,23,0,4.38
230,Bonthe,7.53,-12.5,75.94,90,80,4.07
231,Ewo,-0.88,14.81,77.56,64,92,13.85
232,Grand Gaube,-20.01,57.66,68.45,94,75,2.24
233,Tottori,35.5,134.23,77.0,100,75,2.24
234,Jiangkou,30.7,117.56,76.66,86,76,3.96
235,Malatya,38.35,38.32,64.99,52,0,4.7
236,Oshawa,43.92,-78.86,78.73,41,1,9.17
237,Comodoro Rivadavia,-45.87,-67.48,37.4,45,0,0.69
238,Logon,11.33,124.11,82.6,82,78,15.43
239,Rapid Valley,44.06,-103.15,87.91,42,1,4.7
240,Pundaguitan,6.37,126.17,81.34,79,51,6.73
241,Assare,-6.87,-39.88,73.42,44,48,5.17
242,Opuwo,-18.06,13.84,57.94,23,0,4.92
243,Byron Bay,-28.65,153.62,57.85,30,0,11.41
244,Katsuura,33.93,134.5,79.23,88,75,4.7
245,Victoria,5.28,115.24,78.44,88,75,5.82
246,Harper,30.3,-99.24,95.04,30,1,9.17
247,Poddorye,57.47,31.12,62.44,98,54,4.56
248,Dafeng,33.2,120.46,74.68,75,19,3.33
249,Chokurdakh,70.62,147.9,64.24,40,54,4.09
250,Tianpeng,28.88,112.34,81.88,68,40,3.67
251,Qasigiannguit,68.82,-51.19,42.8,75,40,6.93
252,Capivari,-23.0,-47.51,63.25,82,75,24.16
253,Los Llanos de Aridane,28.66,-17.92,75.7,78,75,16.11
254,Sterling,39.0,-77.4,85.86,52,75,4.92
255,San Patricio,-26.98,-56.83,51.1,75,0,10.33
256,Ocos,14.51,-92.19,77.09,94,90,9.17
257,Nanortalik,60.14,-45.24,40.3,96,8,3.04
258,Talcahuano,-36.72,-73.12,51.8,87,0,5.82
259,Sistranda,63.73,8.83,56.84,87,75,11.41
260,Sierra Vista,31.55,-110.3,94.71,14,20,4.7
261,Arari,-3.45,-44.78,77.74,74,64,3.15
262,Le Port,42.87,1.37,59.16,76,100,1.99
263,Tiksi,71.64,128.87,55.96,77,35,3.38
264,Labuhan,-2.54,115.51,73.96,88,74,1.3
265,Culebra,9.3,-82.53,55.99,95,100,0.74
266,Bandarbeyla,9.49,50.81,74.14,69,68,21.54
267,Port Hedland,-20.31,118.58,60.8,23,0,14.99
268,Boa Vista,2.82,-60.67,82.4,74,20,6.93
269,Roanoke Rapids,36.46,-77.65,80.42,83,1,5.82
270,Esperance,-33.86,121.89,46.4,87,0,10.29
271,Constitucion,23.99,-104.67,78.87,44,75,3.36
272,Raikot,30.65,75.6,75.58,81,0,1.19
273,Faya,18.39,42.45,69.8,56,0,1.79
274,Coquimbo,-29.95,-71.34,51.8,93,0,2.24
275,Hit,33.64,42.83,89.26,20,0,11.65
276,Viedma,-40.81,-62.99,36.88,65,0,5.75
277,Sorland,67.67,12.69,53.8,91,100,10.38
278,Surt,31.21,16.59,79.36,70,0,13.47
279,Sola,-3.17,33.8,69.28,49,92,3.44
280,Goma,-1.67,29.23,56.5,80,39,1.57
281,Tanout,14.97,8.88,83.14,62,93,16.44
282,Hildesheim,52.15,9.95,55.65,93,40,3.36
283,Penzance,50.12,-5.53,56.88,87,6,11.41
284,Ulladulla,-35.36,150.48,52.52,47,0,18.34
285,Broome,52.47,1.45,54.5,82,0,8.05
286,Waynesville,37.83,-92.2,91.94,56,1,5.64
287,Geraldton,49.72,-86.95,68.0,60,40,13.87
288,Bontang,0.12,117.47,74.5,97,69,2.08
289,Tommot,58.97,126.27,60.46,68,82,2.82
290,Camacari,-12.7,-38.32,75.2,94,40,5.82
291,Kaitangata,-46.28,169.85,52.0,47,100,1.01
292,Wanning,48.64,13.53,62.76,88,75,2.24
293,Riberalta,-11.0,-66.08,78.8,83,75,9.17
294,Okakarara,-20.59,17.46,51.28,25,0,7.16
295,Carndonagh,55.25,-7.27,56.32,79,93,24.61
296,Tura,64.27,100.22,58.84,50,8,5.44
297,Kununurra,-15.77,128.74,73.4,17,66,17.22
298,Belomorsk,64.52,34.76,60.64,89,100,8.3
299,Mersing,2.43,103.84,75.4,83,73,1.03
300,Kjopsvik,68.1,16.37,54.72,93,100,4.7
301,Aykhal,65.95,111.51,48.2,87,90,6.71
302,Lazo,45.88,133.65,64.78,93,77,3.69
303,Changji,32.07,116.17,76.84,81,16,8.79
304,Lorengau,-2.02,147.27,82.42,79,48,9.19
305,Roebourne,-20.77,117.15,63.16,23,0,28.95
306,Bourail,-21.57,165.5,69.28,51,5,8.28
307,Khuzdar,27.8,66.62,73.06,74,0,3.33
308,Mehamn,71.03,27.85,55.78,86,56,18.41
309,Kangaba,11.94,-8.41,73.42,93,90,4.12
310,Tuatapere,-46.13,167.69,48.99,77,75,4.0
311,Ulaangom,49.98,92.07,54.52,60,76,4.5
312,Shu,43.6,73.76,64.78,41,0,4.14
313,Kodiak,39.95,-94.76,88.68,74,40,9.17
314,Golspie,57.97,-3.98,52.66,81,100,10.29
315,Sribne,50.66,32.92,62.62,74,0,5.01
316,Ubud,-8.51,115.26,75.2,94,20,5.82
317,Aksarka,66.56,67.8,53.08,83,94,2.19
318,Laje,-13.18,-39.42,65.5,98,4,3.24
319,Grindavik,63.84,-22.43,47.44,87,0,12.75
320,Vallenar,-28.58,-70.76,55.6,54,72,2.55
321,Sedro-Woolley,48.5,-122.23,71.15,56,1,6.93
322,Lamu,35.77,102.37,52.36,92,100,5.39
323,Zavodoukovsk,56.51,66.54,50.92,82,58,2.08
324,Rome,41.89,12.48,72.45,43,0,6.93
325,Mayor Pablo Lagerenza,-19.93,-60.77,69.28,42,86,4.09
326,Kondinskoye,59.65,67.41,49.3,83,0,6.78
327,Sabang,13.8,121.11,82.0,85,100,3.53
328,Pisco,-13.71,-76.2,66.58,30,20,10.29
329,Goksun,38.02,36.5,71.89,73,0,5.82
330,Luderitz,-26.65,15.16,61.72,52,0,21.05
331,Rosetta,31.4,30.42,78.8,74,0,6.93
332,Doha,25.29,51.53,90.77,84,0,10.29
333,Ciudad Arce,13.84,-89.44,82.54,74,75,8.05
334,Tonstad,58.66,6.71,57.25,87,75,6.93
335,Pangai,-19.8,-174.35,77.0,69,75,10.29
336,Corpus Christi,27.8,-97.4,90.18,79,1,10.29
337,Prince George,53.92,-122.75,65.48,48,75,5.82
338,Yinchuan,38.48,106.21,67.12,58,97,8.68
339,Wrzesnia,52.33,17.57,60.31,93,52,3.36
340,Kothapet,17.37,78.55,75.61,100,75,8.03
341,Damietta,31.42,31.81,80.6,74,20,4.7
342,Chabahar,25.29,60.65,79.9,81,24,5.59
343,Usinsk,66.0,57.56,50.74,84,0,6.96
344,Maryborough,-25.54,152.7,62.62,36,0,6.71
345,Port-Cartier,50.03,-66.88,64.13,93,90,8.05
346,Daru,-9.07,143.21,76.66,66,19,8.97
347,Lujiang,31.26,117.28,75.2,83,0,6.71
348,Nuuk,64.17,-51.74,48.11,81,20,2.24
349,Lenger,42.18,69.89,71.6,37,0,6.71
350,Vryburg,-26.96,24.73,46.6,15,16,10.16
351,Carballo,43.21,-8.69,61.97,72,0,8.05
352,Maningrida,-12.05,134.23,77.38,34,20,16.17
353,Nacala,-14.56,40.69,64.96,83,26,9.17
354,Deyang,31.12,104.39,82.02,76,100,4.29
355,Coihaique,-45.58,-72.07,40.59,52,40,4.7
356,Tabuk,17.41,121.44,71.98,76,83,1.7
357,Aklavik,68.22,-135.01,39.2,93,90,5.82
358,Shenjiamen,29.96,122.3,79.36,81,0,7.07
359,Plouzane,48.38,-4.62,54.57,93,75,3.36
360,De-Kastri,51.48,140.77,56.5,98,100,6.2
361,Mecca,21.43,39.83,86.56,31,0,4.68
362,Batemans Bay,-35.71,150.18,47.66,44,0,3.0
363,Shingu,33.72,135.99,80.6,100,75,9.17
364,Balsas,-7.53,-46.04,79.54,35,25,4.21
365,Komyshuvakha,48.64,37.46,63.7,78,0,4.97
366,Ust-Karsk,52.71,118.82,53.8,98,100,7.74
367,Antu,43.11,128.89,63.52,83,17,3.06
368,Qinzhou,21.96,108.62,82.24,82,88,3.62
369,Raudeberg,61.99,5.14,55.08,93,100,18.34
370,Monrovia,6.33,-10.8,77.0,94,75,7.52
371,Bubaque,11.28,-15.83,78.82,86,100,10.96
372,Kakhi,41.42,46.93,77.0,36,40,11.41
373,Birao,10.3,22.78,70.72,91,100,3.62
374,Lakes Entrance,-37.88,147.99,55.6,54,99,3.0
375,Camacha,33.08,-16.33,73.4,83,40,6.93
376,Kajaani,64.22,27.73,57.2,93,0,6.93
377,Innisfail,-17.52,146.03,68.0,51,0,5.99
378,Rayon,49.17,2.04,56.3,87,0,3.36
379,Sangmelima,2.93,11.98,65.68,99,93,3.09
380,Guangyuan,32.43,105.86,82.99,79,100,1.07
381,San Pedro de Ycuamandiyu,-24.09,-57.08,62.8,44,32,7.76
382,Najran,17.54,44.22,80.6,19,0,4.7
383,Santona,43.44,-3.46,63.21,88,75,2.24
384,San Cristobal,14.68,-86.92,71.98,70,68,6.06
385,Kloulklubed,7.04,134.26,82.4,78,90,5.82
386,Ninghai,29.29,121.42,83.59,78,0,4.47
387,Okahandja,-21.98,16.91,60.8,23,0,6.93
388,Fort Portal,0.66,30.28,50.56,81,11,4.05
389,Husavik,50.56,-96.99,75.45,26,17,8.48
390,Dudinka,69.41,86.18,48.2,100,90,13.42
391,Payakumbuh,-0.23,100.63,66.4,88,34,2.19
392,Diego de Almagro,-26.39,-70.05,47.68,84,0,0.92
393,Seoul,37.57,126.98,76.12,78,1,4.7
394,Warri,5.52,5.75,76.66,87,98,6.87
395,Olinda,-37.84,145.39,51.8,76,90,17.22
396,Cedar City,37.68,-113.06,86.76,6,1,18.34
397,Armeria,18.93,-103.97,82.69,94,90,5.01
398,Abalak,15.46,6.28,82.42,64,93,20.56
399,Ust-Maya,60.42,134.54,55.42,84,100,7.31
400,Bayangol,48.91,106.09,52.72,86,98,4.52
401,Kungurtug,50.6,97.53,40.48,92,41,1.14
402,Ilulissat,69.22,-51.1,42.8,75,40,6.93
403,Souillac,45.6,-0.6,57.18,77,0,10.29
404,Serabu,7.79,-12.05,73.24,95,75,2.08
405,Qeshm,26.96,56.27,86.0,84,20,6.93
406,Evensk,61.92,159.24,64.06,66,0,3.8
407,Thinadhoo,0.53,72.93,84.04,68,90,7.4
408,Camargo,27.69,-105.17,91.6,27,19,5.82
409,Providencia,1.24,-77.6,60.66,40,75,18.34
410,Biak,-0.91,122.88,63.16,93,98,8.77
411,Jalu,29.03,21.55,76.48,51,0,12.44
412,Marsh Harbour,26.54,-77.06,84.22,72,1,12.03
413,Jovellar,13.07,123.6,82.96,81,99,11.79
414,Naze,5.43,7.07,73.6,94,98,3.85
415,Poum,41.28,20.71,59.0,72,0,3.36
416,Nokaneng,-19.66,22.19,56.5,31,0,5.44
417,Broken Hill,-31.97,141.45,46.4,70,0,6.93
418,Port Hardy,50.7,-127.42,66.2,63,75,4.7
419,Batagay-Alyta,67.8,130.41,57.94,55,97,5.08
420,Sandovo,58.46,36.41,56.86,97,27,5.19
421,Celestun,20.87,-90.4,82.78,77,38,25.86
422,Fjerritslev,57.08,9.27,57.13,83,18,1.01
423,Hisai,34.67,136.47,79.32,83,75,5.82
424,Miyakonojo,31.78,131.06,78.53,94,75,1.12
425,Berdigestyakh,62.1,126.7,54.16,89,100,7.27
426,Aberdeen,46.98,-123.82,73.11,64,1,11.41
427,Springfield,37.22,-93.29,91.38,49,1,0.74
428,Wewak,-3.55,143.63,81.88,74,75,6.44
429,Stromness,42.87,-79.55,75.96,61,20,8.05
430,Lata,30.78,78.62,36.88,91,1,0.92
431,Antalaha,-14.9,50.28,64.24,88,98,3.13
432,Pervomayskiy,53.24,40.29,60.28,90,0,2.75
433,Sri Aman,1.24,111.46,73.4,94,100,2.24
434,Airai,-8.93,125.41,80.98,49,0,1.79
435,Khash,28.22,61.21,55.6,19,0,0.18
436,Long Xuyen,10.39,105.43,78.8,100,67,4.7
437,Manono,-7.3,27.4,64.78,32,0,2.37
438,Quelimane,-17.88,36.89,68.0,82,20,1.36
439,Miranda,-20.24,-56.38,76.12,52,31,5.1
440,Tariba,7.82,-72.22,86.0,45,40,23.04
441,Meshcherino,55.2,38.36,56.7,87,20,2.24
442,Mackay,53.65,-115.58,62.58,52,40,9.17
443,Rocha,-34.48,-54.34,36.7,82,83,4.5
444,Male,50.74,33.7,61.0,78,0,3.65
445,Aksay,51.17,53.01,77.02,29,77,5.86
446,Oktyabrskiy,55.61,37.97,57.85,93,20,2.24
447,Ipanema,-30.14,-51.22,52.74,71,75,5.82
448,Leh,34.16,77.58,37.6,55,0,5.86
449,Ouro Branco,-20.52,-43.69,67.84,67,97,7.87
450,Sambava,-14.27,50.17,67.66,74,100,1.88
451,Puerto Baquerizo Moreno,-0.9,-89.6,69.8,88,75,18.34
452,Cabedelo,-6.97,-34.84,73.4,94,20,4.7
453,Ostrovnoy,68.05,39.51,57.76,89,98,14.18
454,Beian,63.66,9.57,53.51,87,75,11.41
455,Sao Filipe,14.9,-24.5,77.74,88,3,11.7
456,Iberia,-11.41,-69.49,75.58,69,44,2.3
457,Puerto Carreno,6.19,-67.49,82.4,78,75,8.05
458,Xinan,22.55,113.89,84.22,83,20,6.71
459,Nha Trang,12.24,109.19,84.2,79,20,3.36
460,Omboue,-1.57,9.26,74.86,86,99,13.04
461,Aripuana,-9.17,-60.63,81.16,53,58,3.6
462,Ponta Delgada,37.73,-25.67,70.41,94,75,5.82
463,Neepawa,50.23,-99.46,73.4,46,75,5.82
464,Xingyi,24.19,102.82,62.98,94,100,2.21
465,Vestmanna,62.16,-7.17,46.4,93,100,25.28
466,Ygatimi,-24.08,-55.5,63.16,49,19,3.18
467,Roald,62.58,6.12,53.15,82,100,11.41
468,Ingham,-18.65,146.16,73.6,31,0,2.1
469,Pareora,-44.49,171.21,48.99,55,100,8.63
470,Brae,60.4,-1.35,52.84,93,88,6.93
471,Mikuni,36.22,136.15,77.0,94,75,4.7
472,Palu,-0.9,119.87,75.4,87,100,2.01
473,San Isidro,10.02,-84.06,66.63,93,75,2.95
474,Linjiang,41.81,126.91,65.5,76,75,2.39
475,Port Said,25.34,30.55,82.96,25,0,9.28
476,Ust-Omchug,61.13,149.63,62.8,53,0,2.19
477,Mokhsogollokh,61.4,128.95,51.28,96,100,6.2
478,Gallup,35.53,-108.74,90.43,8,1,9.17
479,Chapais,49.78,-74.86,66.2,59,1,8.05
480,Srednekolymsk,67.46,153.71,72.88,36,46,2.84
481,Padang,-0.92,100.36,80.08,83,100,14.9
482,Taree,-31.91,152.46,57.0,32,0,9.17
483,Punta de Piedra,7.62,-71.49,73.6,94,95,2.46
484,Ancud,-41.87,-73.83,44.6,75,0,3.36
485,Gat,14.69,-16.54,78.8,88,20,6.93
486,Abha,18.22,42.5,69.8,56,0,8.86
487,Muroto,33.37,134.14,78.8,88,75,3.36
488,Les Cayes,18.19,-73.75,83.32,80,13,15.19
489,Half Moon Bay,37.46,-122.43,66.92,82,90,5.82
490,Tarnova,46.32,21.8,68.36,73,0,6.93
491,Deputatskiy,69.3,139.9,64.42,38,98,1.59
492,Makokou,0.56,12.85,68.38,97,69,3.67
493,Ankazobe,-18.32,47.12,55.4,87,75,6.93
494,Dalmeny,52.34,-106.77,66.0,44,67,5.99
495,Namibe,-15.19,12.15,65.5,85,38,1.48
496,Mogadishu,2.04,45.34,75.94,77,75,17.0
497,Egvekinot,66.32,-179.17,47.32,76,72,11.1
498,Diffa,13.32,12.61,78.64,74,100,5.64
499,Bowen,-20.01,148.25,71.8,28,0,17.22
500,Riihimaki,60.74,24.78,54.55,93,0,8.05
501,Biloela,-24.4,150.51,59.02,25,0,21.09
502,Tual,-5.67,132.75,77.56,80,94,27.18
503,Kavieng,-2.57,150.8,84.04,70,99,7.0
504,Yerbogachen,61.28,108.01,52.9,94,99,6.38
505,Havre-Saint-Pierre,50.23,-63.6,68.0,82,75,5.82
506,Davila,18.47,120.58,80.6,88,40,2.24
507,Mossendjo,-2.95,12.72,66.4,94,36,1.86
508,Turukhansk,65.8,87.96,62.44,55,100,6.53
509,Yuncheng,35.03,111.0,79.0,65,98,6.29
510,Meulaboh,4.14,96.13,80.8,82,100,7.76
511,Nanlong,31.35,106.05,79.9,81,97,4.99
512,Lozova,48.89,36.31,63.16,74,0,6.2
513,High Level,58.52,-117.13,55.4,62,90,5.82
514,Thanh Hoa,10.21,106.33,78.8,100,47,4.7
515,Northam,-31.65,116.67,50.0,71,0,6.93
516,Chifeng,42.27,118.96,62.98,90,100,3.53
517,Bronnoysund,65.46,12.2,55.33,82,45,9.17
518,Sindor,62.87,51.9,57.58,98,100,5.64
519,Tavricheskoye,54.59,73.64,48.2,87,0,2.24
520,Naron,43.52,-8.15,63.95,77,40,8.05
521,Lima,-12.06,-77.04,60.8,87,90,10.29
522,Necochea,-38.55,-58.74,30.0,87,83,2.13
523,Kitaibaraki,36.84,140.74,71.28,94,75,2.24
524,Sorong,-0.86,131.25,78.64,84,95,10.56
525,Amparafaravola,-17.68,48.22,53.62,97,89,6.4
526,Ekhabi,53.51,142.97,52.54,95,100,11.83
527,Taoudenni,22.68,-3.98,98.98,12,0,3.06
528,Kitimat,54.02,-128.69,59.0,51,90,16.11
529,Waipawa,-39.94,176.59,48.99,67,0,4.0
530,Ploemeur,47.73,-3.43,54.88,93,0,3.36
531,Khilok,51.36,110.46,49.84,90,100,4.18
532,Nago,45.88,10.89,67.87,100,90,12.75
533,Gundorovskiy,48.35,40.02,67.66,81,0,6.87
534,Isangel,-19.55,169.27,75.2,53,20,9.17
535,Yurkivka,48.69,28.58,57.0,86,0,5.32
536,Fare,-16.7,-151.02,79.72,75,19,19.28
537,Sao Felix do Xingu,-6.64,-51.99,78.1,33,2,2.08
538,Rawlins,41.79,-107.24,86.94,9,1,8.05
